promotion,prenom,nom,email,campus,langage
2019,Nananne,Nester,Nananne.Nester@essca.eu,Lyon,JavaScript
2018,Blinni,Wandie,Blinni.Wandie@essca.eu,Budapest,PHP
2020,Babita,Olympium,Babita.Olympium@essca.eu,Aix-en-Provence,PHP
2018,Nannie,Kellby,Nannie.Kellby@essca.eu,Shanghai,C
2019,Reeba,Margret,Reeba.Margret@essca.eu,Angers,PHP
2019,Ofilia,Malvino,Ofilia.Malvino@essca.eu,Lyon,PHP
2019,Catharine,Flyn,Catharine.Flyn@essca.eu,Bordeaux,C++
2018,Nicoli,Barbey,Nicoli.Barbey@essca.eu,Angers,Python
2020,Pollyanna,Morrill,Pollyanna.Morrill@essca.eu,Budapest,C
2017,Mignon,Himelman,Mignon.Himelman@essca.eu,Budapest,Shell
2022,Moyna,Hylan,Moyna.Hylan@essca.eu,Angers,PHP
2016,Ekaterina,Kirbee,Ekaterina.Kirbee@essca.eu,Aix-en-Provence,PHP
2019,Devina,Sothena,Devina.Sothena@essca.eu,Shanghai,Python
2020,Vita,Blisse,Vita.Blisse@essca.eu,Lyon,C++
2020,Sandie,Rese,Sandie.Rese@essca.eu,Bordeaux,Java
2019,Bobbi,Wilona,Bobbi.Wilona@essca.eu,Lyon,Java
2019,Ricky,Gaulin,Ricky.Gaulin@essca.eu,Bordeaux,Java
2016,Cindelyn,O'Rourke,Cindelyn.O'Rourke@essca.eu,Angers,C++
2022,Dyann,Hachmin,Dyann.Hachmin@essca.eu,Angers,C++
2016,Riannon,Aprile,Riannon.Aprile@essca.eu,Budapest,Java
2018,Marsiella,Philoo,Marsiella.Philoo@essca.eu,Bordeaux,Shell
2016,Donetta,Gale,Donetta.Gale@essca.eu,Budapest,C++
2019,Arlina,Bonilla,Arlina.Bonilla@essca.eu,Angers,C
2019,Wendi,Ledah,Wendi.Ledah@essca.eu,Bordeaux,JavaScript
2021,Maridel,Klemperer,Maridel.Klemperer@essca.eu,Lyon,Python
2018,Adelle,Anton,Adelle.Anton@essca.eu,Aix-en-Provence,Python
2018,Grier,Myrilla,Grier.Myrilla@essca.eu,Budapest,Shell
2022,Flo,Dosia,Flo.Dosia@essca.eu,Aix-en-Provence,C
2018,Debee,Iiette,Debee.Iiette@essca.eu,Angers,JavaScript
2019,Flory,Vins,Flory.Vins@essca.eu,Angers,PHP
2018,Gabi,Modie,Gabi.Modie@essca.eu,Bordeaux,C
2017,Allyce,Adrienne,Allyce.Adrienne@essca.eu,Angers,Java
2020,Gretal,Hoban,Gretal.Hoban@essca.eu,Aix-en-Provence,PHP
2022,Marnia,Voletta,Marnia.Voletta@essca.eu,Budapest,Shell
2019,Fina,Berne,Fina.Berne@essca.eu,Angers,C++
2018,Sue,Barney,Sue.Barney@essca.eu,Angers,Python
2016,Daryl,Fiann,Daryl.Fiann@essca.eu,Budapest,C++
2017,Berget,Swigart,Berget.Swigart@essca.eu,Lyon,C++
2018,Lanna,Jehu,Lanna.Jehu@essca.eu,Lyon,JavaScript
2019,Lenna,Adore,Lenna.Adore@essca.eu,Angers,Java
2018,Odessa,Garrison,Odessa.Garrison@essca.eu,Lyon,C++
2020,Ottilie,Cullin,Ottilie.Cullin@essca.eu,Lyon,JavaScript
2016,Aigneis,Alisia,Aigneis.Alisia@essca.eu,Shanghai,C
2018,Feliza,Desai,Feliza.Desai@essca.eu,Lyon,Shell
2022,Sharai,Quent,Sharai.Quent@essca.eu,Aix-en-Provence,C
2018,Ayn,Uund,Ayn.Uund@essca.eu,Lyon,PHP
2016,Arabel,Chabot,Arabel.Chabot@essca.eu,Lyon,C++
2021,Consuela,Odell,Consuela.Odell@essca.eu,Aix-en-Provence,Python
2021,Zaria,Ahab,Zaria.Ahab@essca.eu,Lyon,C++
2018,Rosaline,Justinn,Rosaline.Justinn@essca.eu,Bordeaux,Java
2020,Ida,Skurnik,Ida.Skurnik@essca.eu,Aix-en-Provence,Python
2018,Etta,Stilwell,Etta.Stilwell@essca.eu,Bordeaux,PHP
2021,Viki,Anton,Viki.Anton@essca.eu,Aix-en-Provence,JavaScript
2019,Dorice,Marlie,Dorice.Marlie@essca.eu,Budapest,PHP
2016,Jacquetta,Greyson,Jacquetta.Greyson@essca.eu,Shanghai,JavaScript
2021,Viviene,Marden,Viviene.Marden@essca.eu,Aix-en-Provence,Shell
2017,Stevana,Stefa,Stevana.Stefa@essca.eu,Aix-en-Provence,C++
2019,Jany,Maribeth,Jany.Maribeth@essca.eu,Shanghai,Python
2016,Max,Haerr,Max.Haerr@essca.eu,Shanghai,PHP
2019,Renie,Mich,Renie.Mich@essca.eu,Angers,C
2021,Cassondra,Bohlin,Cassondra.Bohlin@essca.eu,Aix-en-Provence,PHP
2017,Sashenka,Maurine,Sashenka.Maurine@essca.eu,Budapest,C
2017,Iseabal,Zola,Iseabal.Zola@essca.eu,Shanghai,JavaScript
2018,Oralee,Imelida,Oralee.Imelida@essca.eu,Aix-en-Provence,C
2018,Kayla,Soneson,Kayla.Soneson@essca.eu,Aix-en-Provence,Java
2019,Molli,Maribeth,Molli.Maribeth@essca.eu,Shanghai,Java
2017,Jenda,Romelda,Jenda.Romelda@essca.eu,Bordeaux,PHP
2019,Gilligan,Bluh,Gilligan.Bluh@essca.eu,Angers,Shell
2021,Harrietta,Bultman,Harrietta.Bultman@essca.eu,Budapest,C++
2022,Danika,Carbo,Danika.Carbo@essca.eu,Bordeaux,C++
2017,Imojean,Redmond,Imojean.Redmond@essca.eu,Shanghai,Java
2018,Pollyanna,Christine,Pollyanna.Christine@essca.eu,Shanghai,C++
2017,Belva,Mayeda,Belva.Mayeda@essca.eu,Aix-en-Provence,C++
2019,Giustina,Ephrem,Giustina.Ephrem@essca.eu,Aix-en-Provence,C++
2020,Kelly,Eben,Kelly.Eben@essca.eu,Shanghai,Shell
2019,Cam,Allina,Cam.Allina@essca.eu,Lyon,JavaScript
2018,Antonietta,Susannah,Antonietta.Susannah@essca.eu,Shanghai,Java
2018,Merci,Callista,Merci.Callista@essca.eu,Aix-en-Provence,Python
2018,Cindelyn,Fosque,Cindelyn.Fosque@essca.eu,Shanghai,Shell
2019,Alameda,Brunell,Alameda.Brunell@essca.eu,Budapest,Shell
2018,Margarette,Raychel,Margarette.Raychel@essca.eu,Aix-en-Provence,Java
2021,Misha,Monk,Misha.Monk@essca.eu,Angers,Shell
2020,Rubie,Vernier,Rubie.Vernier@essca.eu,Lyon,PHP
2019,Sheree,Maurine,Sheree.Maurine@essca.eu,Bordeaux,C
2022,Almeta,Cosenza,Almeta.Cosenza@essca.eu,Bordeaux,C++
2017,Chrystel,Destinee,Chrystel.Destinee@essca.eu,Angers,Shell
2016,Almeta,Urias,Almeta.Urias@essca.eu,Lyon,C
2020,Emelina,Raama,Emelina.Raama@essca.eu,Budapest,Python
2020,Lelah,Lareena,Lelah.Lareena@essca.eu,Budapest,JavaScript
2017,Aaren,Decato,Aaren.Decato@essca.eu,Angers,Python
2016,Blondelle,Hathaway,Blondelle.Hathaway@essca.eu,Shanghai,C++
2021,Dotty,Ariella,Dotty.Ariella@essca.eu,Bordeaux,Python
2021,Diena,Hollingsworth,Diena.Hollingsworth@essca.eu,Budapest,Java
2019,Zsa Zsa,Tillford,Zsa Zsa.Tillford@essca.eu,Shanghai,C++
2022,Dennie,Wandie,Dennie.Wandie@essca.eu,Bordeaux,JavaScript
2017,Mureil,Joachim,Mureil.Joachim@essca.eu,Bordeaux,C
2019,Ronna,Riva,Ronna.Riva@essca.eu,Lyon,PHP
2016,Elena,Kimmie,Elena.Kimmie@essca.eu,Budapest,Python
2017,Maye,Camden,Maye.Camden@essca.eu,Lyon,PHP
2018,Corina,Willie,Corina.Willie@essca.eu,Angers,C++
2022,Regina,Dearborn,Regina.Dearborn@essca.eu,Budapest,Shell
2018,Tressa,Loeb,Tressa.Loeb@essca.eu,Budapest,Python
2017,Courtnay,Azeria,Courtnay.Azeria@essca.eu,Lyon,Java
2018,Philis,Elo,Philis.Elo@essca.eu,Angers,Python
2022,Maridel,Shirberg,Maridel.Shirberg@essca.eu,Budapest,Shell
2017,Kary,Wooster,Kary.Wooster@essca.eu,Shanghai,Shell
2022,Tomasina,Liebermann,Tomasina.Liebermann@essca.eu,Angers,C++
2021,Cecile,Lail,Cecile.Lail@essca.eu,Angers,C
2020,Maurene,Tice,Maurene.Tice@essca.eu,Aix-en-Provence,Python
2016,Gusella,Vastah,Gusella.Vastah@essca.eu,Budapest,C
2020,Maye,Mathilde,Maye.Mathilde@essca.eu,Lyon,Python
2017,Dode,Swanhildas,Dode.Swanhildas@essca.eu,Shanghai,Shell
2020,Aurore,Ries,Aurore.Ries@essca.eu,Angers,Java
2018,Beth,Pettiford,Beth.Pettiford@essca.eu,Shanghai,C
2018,Ofilia,Rebecka,Ofilia.Rebecka@essca.eu,Lyon,C
2017,Shell,Swanhildas,Shell.Swanhildas@essca.eu,Shanghai,C
2016,Joelly,Erlandson,Joelly.Erlandson@essca.eu,Aix-en-Provence,Python
2016,Lusa,Ashely,Lusa.Ashely@essca.eu,Angers,C
2016,Corly,Faria,Corly.Faria@essca.eu,Aix-en-Provence,JavaScript
2017,Dorice,Kelula,Dorice.Kelula@essca.eu,Bordeaux,Shell
2017,Karly,Karl,Karly.Karl@essca.eu,Lyon,C++
2022,Kelly,Sigfrid,Kelly.Sigfrid@essca.eu,Shanghai,C
2017,Ira,Bearnard,Ira.Bearnard@essca.eu,Budapest,Shell
2019,Rebeca,Sidonius,Rebeca.Sidonius@essca.eu,Lyon,Java
2016,Margette,Allare,Margette.Allare@essca.eu,Shanghai,JavaScript
2016,Marnia,Fosque,Marnia.Fosque@essca.eu,Lyon,Java
2016,Karolina,Lareena,Karolina.Lareena@essca.eu,Lyon,C++
2021,Corene,Ingra,Corene.Ingra@essca.eu,Lyon,C
2020,Therine,Ioab,Therine.Ioab@essca.eu,Bordeaux,C++
2018,Celisse,Rogerio,Celisse.Rogerio@essca.eu,Lyon,C
2018,Caryl,Thar,Caryl.Thar@essca.eu,Aix-en-Provence,C
2016,Lauryn,Lalitta,Lauryn.Lalitta@essca.eu,Budapest,Shell
2022,Amelia,Nikaniki,Amelia.Nikaniki@essca.eu,Aix-en-Provence,Shell
2016,Alyssa,Schonfeld,Alyssa.Schonfeld@essca.eu,Bordeaux,Python
2017,Viki,Lunsford,Viki.Lunsford@essca.eu,Angers,Python
2017,Nita,Eben,Nita.Eben@essca.eu,Aix-en-Provence,Shell
2022,Cristine,Dudley,Cristine.Dudley@essca.eu,Bordeaux,Python
2018,Carilyn,Reinke,Carilyn.Reinke@essca.eu,Lyon,JavaScript
2019,Ketti,Kinnard,Ketti.Kinnard@essca.eu,Budapest,C++
2016,Ayn,Erb,Ayn.Erb@essca.eu,Shanghai,JavaScript
2022,Frieda,Cherianne,Frieda.Cherianne@essca.eu,Angers,PHP
2021,Mathilda,Stefa,Mathilda.Stefa@essca.eu,Shanghai,Java
2018,Cristabel,Kauppi,Cristabel.Kauppi@essca.eu,Lyon,PHP
2019,Roxane,Swanhildas,Roxane.Swanhildas@essca.eu,Lyon,Java
2021,Gisela,Docilla,Gisela.Docilla@essca.eu,Lyon,JavaScript
2019,Blake,Tristram,Blake.Tristram@essca.eu,Shanghai,Shell
2020,Harmonia,Vacuva,Harmonia.Vacuva@essca.eu,Angers,Shell
2022,Jaclyn,Tice,Jaclyn.Tice@essca.eu,Aix-en-Provence,JavaScript
2022,Anica,Vins,Anica.Vins@essca.eu,Budapest,C++
2022,Daphne,Adamsen,Daphne.Adamsen@essca.eu,Lyon,Shell
2017,Mireielle,Olympium,Mireielle.Olympium@essca.eu,Bordeaux,PHP
2019,Lucy,Katrine,Lucy.Katrine@essca.eu,Shanghai,C
2022,Carmela,Iphlgenia,Carmela.Iphlgenia@essca.eu,Angers,PHP
2016,Marguerite,Susannah,Marguerite.Susannah@essca.eu,Bordeaux,Java
2020,Kalina,Suanne,Kalina.Suanne@essca.eu,Bordeaux,PHP
2019,Maryellen,Ciro,Maryellen.Ciro@essca.eu,Lyon,C++
2021,Shauna,Florina,Shauna.Florina@essca.eu,Budapest,C++
2018,Wilma,Olin,Wilma.Olin@essca.eu,Budapest,Python
2022,Max,Neva,Max.Neva@essca.eu,Aix-en-Provence,C++
2016,Delilah,Pillsbury,Delilah.Pillsbury@essca.eu,Shanghai,Python
2017,Corina,Gordon,Corina.Gordon@essca.eu,Bordeaux,Python
2016,Peri,Madelene,Peri.Madelene@essca.eu,Angers,C++
2017,Albertina,Vary,Albertina.Vary@essca.eu,Angers,Python
2021,Mathilda,Brunell,Mathilda.Brunell@essca.eu,Aix-en-Provence,PHP
2019,Hildegaard,Lacombe,Hildegaard.Lacombe@essca.eu,Shanghai,JavaScript
2018,Natka,Ledah,Natka.Ledah@essca.eu,Shanghai,Python
2022,Carol-Jean,Gavrila,Carol-Jean.Gavrila@essca.eu,Shanghai,JavaScript
2019,Micheline,Fosque,Micheline.Fosque@essca.eu,Lyon,Python
2018,Robinia,Giule,Robinia.Giule@essca.eu,Bordeaux,Shell
2019,Heddie,Ilka,Heddie.Ilka@essca.eu,Budapest,Python
2021,Meg,Dunkin,Meg.Dunkin@essca.eu,Bordeaux,C++
2020,Asia,Berard,Asia.Berard@essca.eu,Lyon,Java
2021,Linet,Rosemary,Linet.Rosemary@essca.eu,Shanghai,Java
2016,Paule,Gower,Paule.Gower@essca.eu,Angers,C
2017,Melisent,Hessler,Melisent.Hessler@essca.eu,Budapest,Shell
2019,Robbi,Beebe,Robbi.Beebe@essca.eu,Aix-en-Provence,C
2020,Justinn,Angelis,Justinn.Angelis@essca.eu,Budapest,Shell
2020,Myriam,Malina,Myriam.Malina@essca.eu,Angers,JavaScript
2017,Tamqrah,Morehouse,Tamqrah.Morehouse@essca.eu,Budapest,Python
2017,Sarette,Anyah,Sarette.Anyah@essca.eu,Bordeaux,C
2020,Dorene,Carleen,Dorene.Carleen@essca.eu,Shanghai,Java
2021,Imojean,Desai,Imojean.Desai@essca.eu,Aix-en-Provence,Shell
2022,Gwenneth,Atonsah,Gwenneth.Atonsah@essca.eu,Angers,Java
2021,Desirae,Terrence,Desirae.Terrence@essca.eu,Aix-en-Provence,Java
2016,Ruthe,Greenwald,Ruthe.Greenwald@essca.eu,Aix-en-Provence,JavaScript
2018,Gale,Fadiman,Gale.Fadiman@essca.eu,Lyon,PHP
2018,Sarette,Adrienne,Sarette.Adrienne@essca.eu,Angers,Shell
2021,Jaclyn,Arvo,Jaclyn.Arvo@essca.eu,Aix-en-Provence,JavaScript
2019,Mireielle,Harl,Mireielle.Harl@essca.eu,Lyon,PHP
2018,Lorenza,Adore,Lorenza.Adore@essca.eu,Lyon,PHP
2016,Pearline,Erskine,Pearline.Erskine@essca.eu,Aix-en-Provence,Java
2020,Gavrielle,Pierette,Gavrielle.Pierette@essca.eu,Lyon,C++
2022,Di,Ailyn,Di.Ailyn@essca.eu,Aix-en-Provence,PHP
2017,Camile,Carmena,Camile.Carmena@essca.eu,Shanghai,PHP
2021,Daphne,Devlen,Daphne.Devlen@essca.eu,Bordeaux,JavaScript
2018,Hope,Carleen,Hope.Carleen@essca.eu,Budapest,PHP
2020,Juliane,Ethban,Juliane.Ethban@essca.eu,Bordeaux,Java
2019,Phedra,Hepsibah,Phedra.Hepsibah@essca.eu,Lyon,Shell
2022,Joy,Ahab,Joy.Ahab@essca.eu,Bordeaux,JavaScript
2019,Antonietta,Hirsch,Antonietta.Hirsch@essca.eu,Angers,Shell
2017,Daryl,Milde,Daryl.Milde@essca.eu,Bordeaux,C++
2021,Sean,Goode,Sean.Goode@essca.eu,Aix-en-Provence,PHP
2017,Brana,Tamsky,Brana.Tamsky@essca.eu,Shanghai,Java
2022,Nikki,Douglass,Nikki.Douglass@essca.eu,Budapest,Shell
2019,Janis,Medrek,Janis.Medrek@essca.eu,Angers,Shell
2019,Kathy,Gemini,Kathy.Gemini@essca.eu,Aix-en-Provence,C++
2018,Oralee,Ioab,Oralee.Ioab@essca.eu,Shanghai,Java
2016,Daune,Randene,Daune.Randene@essca.eu,Angers,C
2022,Cristine,Guthrie,Cristine.Guthrie@essca.eu,Shanghai,Java
2020,Tatiania,Nahum,Tatiania.Nahum@essca.eu,Shanghai,Python
2019,Tierney,Ilka,Tierney.Ilka@essca.eu,Lyon,Shell
2019,Danika,Hermes,Danika.Hermes@essca.eu,Budapest,Python
2020,Yvonne,Kat,Yvonne.Kat@essca.eu,Budapest,Shell
2018,Norine,Reinke,Norine.Reinke@essca.eu,Shanghai,C
2022,Babita,Frendel,Babita.Frendel@essca.eu,Bordeaux,Java
2018,Jemie,Tyson,Jemie.Tyson@essca.eu,Budapest,C++
2019,Bertine,Shelba,Bertine.Shelba@essca.eu,Lyon,Shell
2022,Fanchon,Thunell,Fanchon.Thunell@essca.eu,Bordeaux,C++
2017,Marinna,Ralfston,Marinna.Ralfston@essca.eu,Shanghai,PHP
2018,Sam,Montgomery,Sam.Montgomery@essca.eu,Shanghai,C
2021,Winifred,Louanna,Winifred.Louanna@essca.eu,Budapest,JavaScript
2017,Lacie,Bigner,Lacie.Bigner@essca.eu,Aix-en-Provence,C++
2022,Elora,Swanhildas,Elora.Swanhildas@essca.eu,Lyon,Python
2020,Minne,Shanley,Minne.Shanley@essca.eu,Angers,PHP
2017,Vita,Ellerey,Vita.Ellerey@essca.eu,Bordeaux,C
2019,Caryl,Letsou,Caryl.Letsou@essca.eu,Bordeaux,Shell
2019,Aaren,Crudden,Aaren.Crudden@essca.eu,Angers,JavaScript
2020,Magdalena,Kinnard,Magdalena.Kinnard@essca.eu,Angers,JavaScript
2022,Donnie,Goddard,Donnie.Goddard@essca.eu,Angers,Java
2020,Celisse,Roscoe,Celisse.Roscoe@essca.eu,Aix-en-Provence,JavaScript
2020,Ofilia,Liva,Ofilia.Liva@essca.eu,Shanghai,Python
2019,Yolane,Kathie,Yolane.Kathie@essca.eu,Budapest,JavaScript
2022,Sissy,Ammann,Sissy.Ammann@essca.eu,Aix-en-Provence,Shell
2017,Chrystel,Valerio,Chrystel.Valerio@essca.eu,Angers,Shell
2018,Cam,Iaverne,Cam.Iaverne@essca.eu,Shanghai,C++
2017,Jessamyn,Tippets,Jessamyn.Tippets@essca.eu,Budapest,C++
2017,Sharai,Federica,Sharai.Federica@essca.eu,Angers,Python
2018,Belinda,Tryck,Belinda.Tryck@essca.eu,Bordeaux,Shell
2018,Kerrin,Sisile,Kerrin.Sisile@essca.eu,Angers,Shell
2016,Dennie,Lesley,Dennie.Lesley@essca.eu,Aix-en-Provence,C
2016,Marguerite,Leopold,Marguerite.Leopold@essca.eu,Lyon,Python
2018,Debee,Bergman,Debee.Bergman@essca.eu,Budapest,JavaScript
2021,Danny,Khorma,Danny.Khorma@essca.eu,Lyon,C
2019,Kirbee,Chaing,Kirbee.Chaing@essca.eu,Aix-en-Provence,C
2017,Millie,Sancho,Millie.Sancho@essca.eu,Lyon,C
2020,Selia,Schalles,Selia.Schalles@essca.eu,Angers,C
2022,Veda,Charity,Veda.Charity@essca.eu,Angers,Shell
2022,Taffy,Maribeth,Taffy.Maribeth@essca.eu,Budapest,Shell
2016,Audrie,Alwin,Audrie.Alwin@essca.eu,Budapest,C++
2017,Alie,Vary,Alie.Vary@essca.eu,Budapest,C++
2022,Almeta,Lay,Almeta.Lay@essca.eu,Aix-en-Provence,PHP
2020,Tressa,Ortrude,Tressa.Ortrude@essca.eu,Budapest,JavaScript
2021,Chloris,Joseph,Chloris.Joseph@essca.eu,Lyon,PHP
2021,Sue,Iaverne,Sue.Iaverne@essca.eu,Shanghai,JavaScript
2020,Tori,Seessel,Tori.Seessel@essca.eu,Budapest,C
2020,Hannis,Bertold,Hannis.Bertold@essca.eu,Budapest,PHP
2016,Frances,Johnsson,Frances.Johnsson@essca.eu,Shanghai,C++
2019,Daune,Tremayne,Daune.Tremayne@essca.eu,Shanghai,Java
2019,Edyth,Casimir,Edyth.Casimir@essca.eu,Aix-en-Provence,Python
2020,Nollie,Neils,Nollie.Neils@essca.eu,Angers,Python
2018,Tomasina,Joni,Tomasina.Joni@essca.eu,Angers,PHP
2018,Katharina,Barrus,Katharina.Barrus@essca.eu,Shanghai,C++
2022,Gerianna,Randene,Gerianna.Randene@essca.eu,Budapest,JavaScript
2016,Marjie,Cassius,Marjie.Cassius@essca.eu,Angers,C++
2017,Anica,An,Anica.An@essca.eu,Aix-en-Provence,Shell
2018,Magdalena,Duwalt,Magdalena.Duwalt@essca.eu,Lyon,JavaScript
2021,Gertrud,Alwin,Gertrud.Alwin@essca.eu,Budapest,C
2021,Rochette,Cecile,Rochette.Cecile@essca.eu,Angers,Python
2019,Wanda,Schroth,Wanda.Schroth@essca.eu,Budapest,Python
2018,Cristine,Alice,Cristine.Alice@essca.eu,Lyon,C
2016,Patricia,Roumell,Patricia.Roumell@essca.eu,Lyon,JavaScript
2017,Raf,Tayib,Raf.Tayib@essca.eu,Lyon,C++
2016,Lusa,Revkah,Lusa.Revkah@essca.eu,Aix-en-Provence,Shell
2019,Binny,Hunfredo,Binny.Hunfredo@essca.eu,Aix-en-Provence,C++
2017,Larine,Lubin,Larine.Lubin@essca.eu,Lyon,C++
2020,Lyssa,Carmena,Lyssa.Carmena@essca.eu,Angers,Java
2019,Viviene,Klotz,Viviene.Klotz@essca.eu,Budapest,Shell
2020,Carolina,Firmin,Carolina.Firmin@essca.eu,Shanghai,C
2016,Gaylene,Callista,Gaylene.Callista@essca.eu,Angers,C++
2020,Perry,Weinreb,Perry.Weinreb@essca.eu,Aix-en-Provence,C
2021,Ayn,Sasnett,Ayn.Sasnett@essca.eu,Bordeaux,PHP
2016,Gretal,O'Rourke,Gretal.O'Rourke@essca.eu,Lyon,Java
2018,Evita,Edison,Evita.Edison@essca.eu,Shanghai,Shell
2017,Meg,Damarra,Meg.Damarra@essca.eu,Angers,PHP
2018,Roslyn,Chesna,Roslyn.Chesna@essca.eu,Shanghai,Shell
2019,Fawne,Teddman,Fawne.Teddman@essca.eu,Aix-en-Provence,Shell
2021,Deane,Bronk,Deane.Bronk@essca.eu,Angers,Java
2016,Hayley,Estella,Hayley.Estella@essca.eu,Lyon,Python
2018,Althea,Jacobah,Althea.Jacobah@essca.eu,Budapest,JavaScript
2019,Arabel,Dosia,Arabel.Dosia@essca.eu,Aix-en-Provence,C++
2022,Nollie,Janith,Nollie.Janith@essca.eu,Aix-en-Provence,C++
2022,Vere,Genna,Vere.Genna@essca.eu,Budapest,Shell
2020,Sean,Vivle,Sean.Vivle@essca.eu,Lyon,Shell
2019,Kaja,Isacco,Kaja.Isacco@essca.eu,Bordeaux,Shell
2021,Rori,Federica,Rori.Federica@essca.eu,Angers,Java
2017,Jordan,Malina,Jordan.Malina@essca.eu,Angers,PHP
2022,Ardys,Odysseus,Ardys.Odysseus@essca.eu,Aix-en-Provence,Shell
2017,Renae,Bendick,Renae.Bendick@essca.eu,Bordeaux,Shell
2021,Aurelie,Kronfeld,Aurelie.Kronfeld@essca.eu,Aix-en-Provence,C
2018,Trixi,Stevy,Trixi.Stevy@essca.eu,Budapest,JavaScript
2022,Hettie,Stelle,Hettie.Stelle@essca.eu,Shanghai,C
2017,Marjie,Zuzana,Marjie.Zuzana@essca.eu,Shanghai,Python
2017,Evita,Hunfredo,Evita.Hunfredo@essca.eu,Bordeaux,PHP
2022,Ulrike,Ailyn,Ulrike.Ailyn@essca.eu,Lyon,JavaScript
2021,Barbara,Presber,Barbara.Presber@essca.eu,Budapest,Shell
2016,Minne,Iphlgenia,Minne.Iphlgenia@essca.eu,Aix-en-Provence,Python
2018,Annabela,Vanni,Annabela.Vanni@essca.eu,Budapest,C
2019,Cyndie,Halsey,Cyndie.Halsey@essca.eu,Angers,C
2019,Di,Karl,Di.Karl@essca.eu,Shanghai,Java
2022,Dulce,O'Rourke,Dulce.O'Rourke@essca.eu,Bordeaux,C
2022,Meg,Jeanne,Meg.Jeanne@essca.eu,Bordeaux,Python
2016,Sadie,Alabaster,Sadie.Alabaster@essca.eu,Budapest,JavaScript
2020,Adore,Kosey,Adore.Kosey@essca.eu,Budapest,Python
2016,Elena,Whiffen,Elena.Whiffen@essca.eu,Lyon,C
2016,Ira,Horan,Ira.Horan@essca.eu,Bordeaux,Java
2017,Jasmina,Carleen,Jasmina.Carleen@essca.eu,Budapest,PHP
2022,Meghann,Roarke,Meghann.Roarke@essca.eu,Budapest,Shell
2016,Christal,Abernon,Christal.Abernon@essca.eu,Bordeaux,PHP
2018,Rhoda,Pitt,Rhoda.Pitt@essca.eu,Bordeaux,Python
2022,Marnia,Ahab,Marnia.Ahab@essca.eu,Angers,PHP
2019,Miquela,Keelia,Miquela.Keelia@essca.eu,Angers,Python
2019,Rochette,Barrus,Rochette.Barrus@essca.eu,Budapest,C
2016,Clo,Lorenz,Clo.Lorenz@essca.eu,Aix-en-Provence,JavaScript
2018,Gilligan,Letsou,Gilligan.Letsou@essca.eu,Lyon,PHP
2022,Almeta,Papageno,Almeta.Papageno@essca.eu,Lyon,Java
2016,Kate,Melan,Kate.Melan@essca.eu,Bordeaux,Shell
2016,Tamqrah,Berne,Tamqrah.Berne@essca.eu,Angers,C++
2021,Collen,Graig,Collen.Graig@essca.eu,Angers,Java
2020,Frances,Nunci,Frances.Nunci@essca.eu,Shanghai,Shell
2018,Melina,Caitlin,Melina.Caitlin@essca.eu,Budapest,C
2020,Edith,Kermit,Edith.Kermit@essca.eu,Budapest,Python
2018,Kenna,Maryanne,Kenna.Maryanne@essca.eu,Bordeaux,C++
2018,Sam,Amethist,Sam.Amethist@essca.eu,Shanghai,Python
2022,Tierney,Ashok,Tierney.Ashok@essca.eu,Budapest,PHP
2021,Lorie,Lewes,Lorie.Lewes@essca.eu,Bordeaux,JavaScript
2017,Fayre,Zrike,Fayre.Zrike@essca.eu,Lyon,Shell
2016,Edith,Lesley,Edith.Lesley@essca.eu,Lyon,Shell
2021,Sophia,Sandye,Sophia.Sandye@essca.eu,Lyon,C
2018,Clo,Stanwood,Clo.Stanwood@essca.eu,Budapest,PHP
2017,Riannon,Weitman,Riannon.Weitman@essca.eu,Angers,Python
2019,Livvyy,Flyn,Livvyy.Flyn@essca.eu,Bordeaux,Shell
2021,Raf,Eben,Raf.Eben@essca.eu,Budapest,Python
2018,Perry,Rosemary,Perry.Rosemary@essca.eu,Shanghai,JavaScript
2018,Deedee,Melan,Deedee.Melan@essca.eu,Shanghai,JavaScript
2021,Lindie,Ummersen,Lindie.Ummersen@essca.eu,Angers,C++
2021,Charissa,Amethist,Charissa.Amethist@essca.eu,Bordeaux,PHP
2020,Meriel,Bates,Meriel.Bates@essca.eu,Lyon,PHP
2022,Katuscha,Pozzy,Katuscha.Pozzy@essca.eu,Shanghai,Python
2017,Shel,Sidonius,Shel.Sidonius@essca.eu,Shanghai,Shell
2021,Gabi,Rillings,Gabi.Rillings@essca.eu,Aix-en-Provence,JavaScript
2018,Thalia,Grobe,Thalia.Grobe@essca.eu,Budapest,JavaScript
2020,Alyda,Dreda,Alyda.Dreda@essca.eu,Lyon,PHP
2022,Aurelie,Gaulin,Aurelie.Gaulin@essca.eu,Bordeaux,Shell
2022,Brietta,Gaynor,Brietta.Gaynor@essca.eu,Bordeaux,C++
2016,Katharina,Kermit,Katharina.Kermit@essca.eu,Bordeaux,Java
2016,Tiffie,Haerr,Tiffie.Haerr@essca.eu,Aix-en-Provence,Shell
2022,Reeba,Noelyn,Reeba.Noelyn@essca.eu,Lyon,Java
2022,Isa,Girardo,Isa.Girardo@essca.eu,Bordeaux,Shell
2017,Nessie,Anastatius,Nessie.Anastatius@essca.eu,Aix-en-Provence,PHP
2021,Gavrielle,Faria,Gavrielle.Faria@essca.eu,Aix-en-Provence,JavaScript
2021,Damaris,Pandolfi,Damaris.Pandolfi@essca.eu,Budapest,PHP
2018,Nananne,Phi,Nananne.Phi@essca.eu,Lyon,Python
2017,Helsa,Wareing,Helsa.Wareing@essca.eu,Bordeaux,PHP
2020,Rhea,Infield,Rhea.Infield@essca.eu,Bordeaux,JavaScript
2019,Donnie,Radu,Donnie.Radu@essca.eu,Bordeaux,Shell
2018,Adele,Malanie,Adele.Malanie@essca.eu,Aix-en-Provence,JavaScript
2017,Letizia,Elvyn,Letizia.Elvyn@essca.eu,Shanghai,Shell
2016,Marika,Aldric,Marika.Aldric@essca.eu,Bordeaux,PHP
2017,Felice,Pernick,Felice.Pernick@essca.eu,Bordeaux,C
2018,Penelopa,Prouty,Penelopa.Prouty@essca.eu,Shanghai,C
2021,Adriana,Shuler,Adriana.Shuler@essca.eu,Budapest,C++
2017,Margarette,Barney,Margarette.Barney@essca.eu,Lyon,Java
2021,Cherilyn,Thornburg,Cherilyn.Thornburg@essca.eu,Lyon,JavaScript
2018,Brena,Ashok,Brena.Ashok@essca.eu,Budapest,Shell
2022,Malina,Brackely,Malina.Brackely@essca.eu,Lyon,Java
2017,Helena,Clie,Helena.Clie@essca.eu,Angers,Shell
2021,Rozele,Edison,Rozele.Edison@essca.eu,Aix-en-Provence,PHP
2017,Nannie,Carleen,Nannie.Carleen@essca.eu,Budapest,JavaScript
2016,Beatriz,Uird,Beatriz.Uird@essca.eu,Angers,Python
2019,Mireielle,Eben,Mireielle.Eben@essca.eu,Budapest,Shell
2017,Sara-Ann,Ivens,Sara-Ann.Ivens@essca.eu,Bordeaux,Java
2020,Libbie,Salchunas,Libbie.Salchunas@essca.eu,Lyon,PHP
2021,Carolina,Turne,Carolina.Turne@essca.eu,Bordeaux,Python
2020,Latisha,Lia,Latisha.Lia@essca.eu,Budapest,Python
2021,Blondelle,Schenck,Blondelle.Schenck@essca.eu,Angers,C
2016,Quintina,Esmaria,Quintina.Esmaria@essca.eu,Lyon,PHP
2021,Merry,Harned,Merry.Harned@essca.eu,Aix-en-Provence,C
2017,Fred,Pacorro,Fred.Pacorro@essca.eu,Shanghai,JavaScript
2016,Blinni,Bryna,Blinni.Bryna@essca.eu,Budapest,C
2016,Brana,Travax,Brana.Travax@essca.eu,Bordeaux,C
2019,Carree,Granoff,Carree.Granoff@essca.eu,Angers,PHP
2020,Nanete,Seumas,Nanete.Seumas@essca.eu,Budapest,C++
2021,Hope,Alarise,Hope.Alarise@essca.eu,Lyon,Shell
2022,Millie,Ciro,Millie.Ciro@essca.eu,Aix-en-Provence,JavaScript
2019,Tressa,Wilona,Tressa.Wilona@essca.eu,Budapest,JavaScript
2019,Adelle,Yoko,Adelle.Yoko@essca.eu,Aix-en-Provence,Java
2019,Delilah,Faso,Delilah.Faso@essca.eu,Lyon,Shell
2016,Antonietta,Evangelia,Antonietta.Evangelia@essca.eu,Lyon,C
2016,Henriette,Dorine,Henriette.Dorine@essca.eu,Angers,C++
2022,Lanae,Atcliffe,Lanae.Atcliffe@essca.eu,Bordeaux,PHP
2019,Gale,Gaspard,Gale.Gaspard@essca.eu,Budapest,C++
2017,Carree,Justinn,Carree.Justinn@essca.eu,Lyon,Python
2019,Zaria,Zaslow,Zaria.Zaslow@essca.eu,Budapest,C++
2018,Brena,Gaynor,Brena.Gaynor@essca.eu,Budapest,PHP
2018,Brynna,Nadia,Brynna.Nadia@essca.eu,Budapest,Java
2022,Collen,Matthew,Collen.Matthew@essca.eu,Shanghai,JavaScript
2020,Leona,Cimbura,Leona.Cimbura@essca.eu,Bordeaux,Java
2020,Winny,Nisbet,Winny.Nisbet@essca.eu,Angers,C
2018,Rosanne,Erb,Rosanne.Erb@essca.eu,Angers,PHP
2022,Luci,Papageno,Luci.Papageno@essca.eu,Lyon,Java
2016,Dennie,Gibbeon,Dennie.Gibbeon@essca.eu,Aix-en-Provence,Shell
2021,Gabi,Barrus,Gabi.Barrus@essca.eu,Shanghai,JavaScript
2019,Aubrie,Mathilde,Aubrie.Mathilde@essca.eu,Lyon,C++
2018,Violet,Greenwald,Violet.Greenwald@essca.eu,Aix-en-Provence,C
2018,Mellicent,Pelagias,Mellicent.Pelagias@essca.eu,Angers,C++
2021,Melisent,Rillings,Melisent.Rillings@essca.eu,Bordeaux,Java
2018,Tilly,Tjon,Tilly.Tjon@essca.eu,Shanghai,C
2020,Iseabal,Shields,Iseabal.Shields@essca.eu,Shanghai,C++
2021,Abbie,Sekofski,Abbie.Sekofski@essca.eu,Bordeaux,Python
2016,Blondelle,Hailee,Blondelle.Hailee@essca.eu,Budapest,Python
2018,June,Joeann,June.Joeann@essca.eu,Bordeaux,JavaScript
2019,Veda,Ioab,Veda.Ioab@essca.eu,Budapest,Shell
2021,Beverley,Tillford,Beverley.Tillford@essca.eu,Bordeaux,Python
2017,Veda,Dichy,Veda.Dichy@essca.eu,Lyon,JavaScript
2021,Tami,Schonfeld,Tami.Schonfeld@essca.eu,Angers,Python
2019,Judy,Kinnard,Judy.Kinnard@essca.eu,Bordeaux,Python
2022,Ardenia,Odell,Ardenia.Odell@essca.eu,Budapest,C++
2016,Melodie,Lissi,Melodie.Lissi@essca.eu,Aix-en-Provence,Python
2018,Mathilda,Alice,Mathilda.Alice@essca.eu,Shanghai,Java
2019,Jorry,Kussell,Jorry.Kussell@essca.eu,Aix-en-Provence,Java
2019,Corene,Ivens,Corene.Ivens@essca.eu,Bordeaux,JavaScript
2018,Rori,Lutero,Rori.Lutero@essca.eu,Budapest,C
2018,Patricia,Fleeta,Patricia.Fleeta@essca.eu,Shanghai,Python
2020,Nariko,Erskine,Nariko.Erskine@essca.eu,Lyon,C
2019,Rori,Craggie,Rori.Craggie@essca.eu,Angers,Shell
2022,Tonia,Lumbard,Tonia.Lumbard@essca.eu,Shanghai,C
2021,Almeta,Pettiford,Almeta.Pettiford@essca.eu,Budapest,PHP
2016,Althea,Justinn,Althea.Justinn@essca.eu,Lyon,PHP
2019,Hollie,Buffum,Hollie.Buffum@essca.eu,Aix-en-Provence,JavaScript
2022,Kylynn,Briney,Kylynn.Briney@essca.eu,Angers,JavaScript
2016,Josephine,Ciapas,Josephine.Ciapas@essca.eu,Lyon,C
2020,Kenna,Minetta,Kenna.Minetta@essca.eu,Lyon,PHP
2022,Frank,Dituri,Frank.Dituri@essca.eu,Budapest,Shell
2021,Kayla,Jalbert,Kayla.Jalbert@essca.eu,Angers,C
2018,Glenda,Simmonds,Glenda.Simmonds@essca.eu,Bordeaux,C++
2018,Dulcinea,Rooney,Dulcinea.Rooney@essca.eu,Shanghai,Shell
2021,Lorie,Seumas,Lorie.Seumas@essca.eu,Budapest,PHP
2016,Paule,Alarise,Paule.Alarise@essca.eu,Lyon,PHP
2018,Willetta,Girardo,Willetta.Girardo@essca.eu,Aix-en-Provence,Java
2019,Corry,Behre,Corry.Behre@essca.eu,Budapest,C++
2018,Teriann,Skell,Teriann.Skell@essca.eu,Lyon,C++
2021,Sadie,Luhe,Sadie.Luhe@essca.eu,Aix-en-Provence,Python
2020,Kate,Kenwood,Kate.Kenwood@essca.eu,Aix-en-Provence,JavaScript
2021,Henriette,Thema,Henriette.Thema@essca.eu,Aix-en-Provence,Shell
2021,Benita,Arquit,Benita.Arquit@essca.eu,Angers,Shell
2021,Corene,Bury,Corene.Bury@essca.eu,Shanghai,PHP
2021,Shaylyn,Linskey,Shaylyn.Linskey@essca.eu,Lyon,Java
2020,Jobi,Even,Jobi.Even@essca.eu,Angers,C++
2022,Albertina,Velick,Albertina.Velick@essca.eu,Angers,C++
2021,Alyssa,Eno,Alyssa.Eno@essca.eu,Lyon,PHP
2021,Hermione,Chesna,Hermione.Chesna@essca.eu,Lyon,Java
2016,Caryl,Randene,Caryl.Randene@essca.eu,Lyon,Python
2021,Sherrie,Howlyn,Sherrie.Howlyn@essca.eu,Bordeaux,Python
2022,Gratia,Harday,Gratia.Harday@essca.eu,Bordeaux,JavaScript
2018,Wendi,Kendrick,Wendi.Kendrick@essca.eu,Shanghai,Shell
2019,Mireielle,Payson,Mireielle.Payson@essca.eu,Budapest,C
2016,Corina,Pandolfi,Corina.Pandolfi@essca.eu,Lyon,Python
2016,Lusa,Fink,Lusa.Fink@essca.eu,Bordeaux,Shell
2020,Pierette,Alfons,Pierette.Alfons@essca.eu,Bordeaux,PHP
2019,Fayre,Fabiola,Fayre.Fabiola@essca.eu,Shanghai,Shell
2016,Correy,Elephus,Correy.Elephus@essca.eu,Aix-en-Provence,C++
2019,Sean,Rolf,Sean.Rolf@essca.eu,Angers,Shell
2017,Vinita,Haerr,Vinita.Haerr@essca.eu,Shanghai,PHP
2021,Ruthe,Hepsibah,Ruthe.Hepsibah@essca.eu,Bordeaux,JavaScript
2018,Helsa,Geffner,Helsa.Geffner@essca.eu,Bordeaux,JavaScript
2016,Shandie,Margret,Shandie.Margret@essca.eu,Shanghai,Python
2019,Misha,Argus,Misha.Argus@essca.eu,Budapest,Python
2021,Clementine,Sammons,Clementine.Sammons@essca.eu,Lyon,C
2022,Nerta,Chinua,Nerta.Chinua@essca.eu,Bordeaux,C
2022,Lulita,Vittoria,Lulita.Vittoria@essca.eu,Lyon,Python
2016,Kamilah,Merna,Kamilah.Merna@essca.eu,Bordeaux,C
2019,Concettina,Corilla,Concettina.Corilla@essca.eu,Bordeaux,C++
2017,Tressa,Nadia,Tressa.Nadia@essca.eu,Lyon,JavaScript
2017,Annaliese,Chauncey,Annaliese.Chauncey@essca.eu,Aix-en-Provence,Shell
2021,Jorry,Hamil,Jorry.Hamil@essca.eu,Lyon,JavaScript
2016,Yolane,Elephus,Yolane.Elephus@essca.eu,Shanghai,JavaScript
2020,Bee,Brenn,Bee.Brenn@essca.eu,Budapest,Shell
2022,Lusa,Cecile,Lusa.Cecile@essca.eu,Bordeaux,Java
2019,Gianina,Sheng,Gianina.Sheng@essca.eu,Angers,PHP
2021,Sara-Ann,Hachmin,Sara-Ann.Hachmin@essca.eu,Lyon,Shell
2017,Jaclyn,Amethist,Jaclyn.Amethist@essca.eu,Shanghai,Python
2022,Quintina,Darbie,Quintina.Darbie@essca.eu,Lyon,PHP
2022,Ketti,Regan,Ketti.Regan@essca.eu,Shanghai,Shell
2016,Nollie,Frodi,Nollie.Frodi@essca.eu,Aix-en-Provence,C
2019,Dacia,Rosalba,Dacia.Rosalba@essca.eu,Shanghai,Python
2018,Sophia,Gemini,Sophia.Gemini@essca.eu,Angers,Java
2019,Wynne,Kolnick,Wynne.Kolnick@essca.eu,Angers,PHP
2020,Vita,Hieronymus,Vita.Hieronymus@essca.eu,Lyon,JavaScript
2017,Dyann,Maisey,Dyann.Maisey@essca.eu,Aix-en-Provence,Python
2021,Janeczka,Muriel,Janeczka.Muriel@essca.eu,Angers,C++
2020,Concettina,Larochelle,Concettina.Larochelle@essca.eu,Aix-en-Provence,PHP
2017,Nita,Thunell,Nita.Thunell@essca.eu,Angers,PHP
2021,Latisha,Klemperer,Latisha.Klemperer@essca.eu,Shanghai,Python
2018,Regina,Weinreb,Regina.Weinreb@essca.eu,Shanghai,Java
2019,Evita,Strephon,Evita.Strephon@essca.eu,Shanghai,PHP
2022,Alisha,Macey,Alisha.Macey@essca.eu,Aix-en-Provence,PHP
2021,Tera,Berl,Tera.Berl@essca.eu,Aix-en-Provence,C++
2022,Elora,Quinn,Elora.Quinn@essca.eu,Aix-en-Provence,PHP
2020,Mara,Ciro,Mara.Ciro@essca.eu,Lyon,C++
2017,Carlie,Malvino,Carlie.Malvino@essca.eu,Angers,C++
2022,Camile,Carmena,Camile.Carmena@essca.eu,Aix-en-Provence,C
2020,Bibby,Argus,Bibby.Argus@essca.eu,Shanghai,Java
2019,Raina,Jorgan,Raina.Jorgan@essca.eu,Bordeaux,C++
2016,Vivia,Aaberg,Vivia.Aaberg@essca.eu,Budapest,C++
2017,Miquela,Means,Miquela.Means@essca.eu,Shanghai,C
2021,Barbara,Sammons,Barbara.Sammons@essca.eu,Aix-en-Provence,Shell
2020,Roz,Alcott,Roz.Alcott@essca.eu,Aix-en-Provence,Java
2018,Candy,Shanley,Candy.Shanley@essca.eu,Shanghai,Java
2016,Sheree,Cottle,Sheree.Cottle@essca.eu,Angers,PHP
2018,Bill,Arley,Bill.Arley@essca.eu,Angers,Java
2020,Renie,Serilda,Renie.Serilda@essca.eu,Bordeaux,C
2022,Viviene,Voletta,Viviene.Voletta@essca.eu,Shanghai,Python
2020,Antonietta,Terrence,Antonietta.Terrence@essca.eu,Budapest,PHP
2021,Calla,Ummersen,Calla.Ummersen@essca.eu,Shanghai,PHP
2017,Layla,Chauncey,Layla.Chauncey@essca.eu,Aix-en-Provence,Java
2022,Lynde,Nadia,Lynde.Nadia@essca.eu,Bordeaux,JavaScript
2018,Teddie,Kelula,Teddie.Kelula@essca.eu,Budapest,C
2020,Barbi,Agle,Barbi.Agle@essca.eu,Aix-en-Provence,PHP
2021,Karlee,Ashely,Karlee.Ashely@essca.eu,Lyon,Java
2016,Rosanne,Arley,Rosanne.Arley@essca.eu,Budapest,JavaScript
2020,Ingrid,Jotham,Ingrid.Jotham@essca.eu,Angers,PHP
2016,Sharlene,Dyche,Sharlene.Dyche@essca.eu,Shanghai,Shell
2017,Lynde,Waite,Lynde.Waite@essca.eu,Bordeaux,PHP
2021,Willetta,Pierette,Willetta.Pierette@essca.eu,Budapest,JavaScript
2019,Ardys,Teryn,Ardys.Teryn@essca.eu,Aix-en-Provence,Python
2016,Karina,Bandeen,Karina.Bandeen@essca.eu,Bordeaux,Python
2018,Fina,Annabella,Fina.Annabella@essca.eu,Budapest,Python
2020,Aeriela,Himelman,Aeriela.Himelman@essca.eu,Budapest,Shell
2019,Addia,Telfer,Addia.Telfer@essca.eu,Budapest,PHP
2018,Adore,Vharat,Adore.Vharat@essca.eu,Lyon,Java
2018,Renae,Zina,Renae.Zina@essca.eu,Bordeaux,C++
2022,Mallory,Alcott,Mallory.Alcott@essca.eu,Bordeaux,JavaScript
2020,Cam,Voletta,Cam.Voletta@essca.eu,Lyon,Python
2021,Netty,Sabella,Netty.Sabella@essca.eu,Budapest,PHP
2018,Vonny,Knowling,Vonny.Knowling@essca.eu,Budapest,Java
2017,Cherrita,Huggins,Cherrita.Huggins@essca.eu,Bordeaux,PHP
2016,Theodora,Erlandson,Theodora.Erlandson@essca.eu,Lyon,PHP
2016,Rivalee,Candy,Rivalee.Candy@essca.eu,Shanghai,Python
2016,Georgetta,Kirbee,Georgetta.Kirbee@essca.eu,Bordeaux,Java
2016,Hyacinthe,Sacken,Hyacinthe.Sacken@essca.eu,Bordeaux,Shell
2019,Wendi,Ferino,Wendi.Ferino@essca.eu,Shanghai,C++
2018,Drucie,Bohlin,Drucie.Bohlin@essca.eu,Angers,C++
2016,Marika,Hazlett,Marika.Hazlett@essca.eu,Angers,Python
2021,Leeanne,Margarete,Leeanne.Margarete@essca.eu,Angers,Python
2016,Sabina,Eckblad,Sabina.Eckblad@essca.eu,Lyon,Python
2020,Harmonia,Ledah,Harmonia.Ledah@essca.eu,Bordeaux,Shell
2022,Millie,Loring,Millie.Loring@essca.eu,Shanghai,Java
2018,Cissiee,Shanley,Cissiee.Shanley@essca.eu,Budapest,Python
2016,Marti,Imelida,Marti.Imelida@essca.eu,Bordeaux,C
2019,Stacey,Boycey,Stacey.Boycey@essca.eu,Budapest,JavaScript
2020,Aryn,Paine,Aryn.Paine@essca.eu,Bordeaux,JavaScript
2022,Harrietta,Papageno,Harrietta.Papageno@essca.eu,Bordeaux,Python
2020,Farrah,Robertson,Farrah.Robertson@essca.eu,Budapest,Python
2021,Randa,Natica,Randa.Natica@essca.eu,Aix-en-Provence,C++
2019,Laurene,Kirstin,Laurene.Kirstin@essca.eu,Shanghai,Shell
2019,Adore,Chobot,Adore.Chobot@essca.eu,Aix-en-Provence,JavaScript
2016,Meghann,Latini,Meghann.Latini@essca.eu,Lyon,JavaScript
2019,Aubrie,Manolo,Aubrie.Manolo@essca.eu,Lyon,Java
2021,Meg,Girardo,Meg.Girardo@essca.eu,Lyon,C
2021,Kayla,Sancho,Kayla.Sancho@essca.eu,Budapest,Python
2017,Bertine,Pozzy,Bertine.Pozzy@essca.eu,Shanghai,Shell
2016,Giustina,Blisse,Giustina.Blisse@essca.eu,Budapest,Java
2016,Lanna,Codding,Lanna.Codding@essca.eu,Aix-en-Provence,JavaScript
2022,Yetty,Saint,Yetty.Saint@essca.eu,Aix-en-Provence,JavaScript
2016,Karly,Markman,Karly.Markman@essca.eu,Angers,PHP
2021,Netty,Kendrick,Netty.Kendrick@essca.eu,Shanghai,PHP
2020,Thalia,Anis,Thalia.Anis@essca.eu,Budapest,Python
2021,Ann-Marie,Brady,Ann-Marie.Brady@essca.eu,Shanghai,Java
2017,Lizzie,Stephie,Lizzie.Stephie@essca.eu,Angers,C
2017,Damaris,Madelene,Damaris.Madelene@essca.eu,Bordeaux,Java
2017,Annaliese,Yusuk,Annaliese.Yusuk@essca.eu,Bordeaux,Shell
2016,Oona,Brady,Oona.Brady@essca.eu,Lyon,Java
2017,Rosene,Gino,Rosene.Gino@essca.eu,Bordeaux,C++
2022,Sharlene,Braun,Sharlene.Braun@essca.eu,Angers,JavaScript
2022,Dacia,Ashok,Dacia.Ashok@essca.eu,Bordeaux,Shell
2022,Karolina,Avi,Karolina.Avi@essca.eu,Budapest,Java
2016,Halette,Devlen,Halette.Devlen@essca.eu,Budapest,Java
2016,Maryellen,Tillford,Maryellen.Tillford@essca.eu,Lyon,Python
2017,Elmira,Earlie,Elmira.Earlie@essca.eu,Aix-en-Provence,JavaScript
2019,Ardenia,Colbert,Ardenia.Colbert@essca.eu,Bordeaux,Shell
2022,Giustina,Ries,Giustina.Ries@essca.eu,Budapest,Java
2022,Chastity,Chesna,Chastity.Chesna@essca.eu,Aix-en-Provence,Shell
2019,Tamqrah,Maxi,Tamqrah.Maxi@essca.eu,Lyon,C
2016,Regina,Lymann,Regina.Lymann@essca.eu,Aix-en-Provence,Java
2021,Ginnie,Rudolph,Ginnie.Rudolph@essca.eu,Budapest,C
2016,Dione,Dunkin,Dione.Dunkin@essca.eu,Bordeaux,Java
2018,Atlanta,Herrera,Atlanta.Herrera@essca.eu,Aix-en-Provence,JavaScript
2019,Drucie,Chick,Drucie.Chick@essca.eu,Shanghai,Java
2020,Tami,Jethro,Tami.Jethro@essca.eu,Bordeaux,C
2016,Gilda,Bryna,Gilda.Bryna@essca.eu,Aix-en-Provence,PHP
2021,Kimmy,Flita,Kimmy.Flita@essca.eu,Bordeaux,Shell
2021,Hayley,Kirstin,Hayley.Kirstin@essca.eu,Budapest,C++
2022,Deedee,Rodmann,Deedee.Rodmann@essca.eu,Angers,PHP
2017,Wynne,Kermit,Wynne.Kermit@essca.eu,Aix-en-Provence,Python
2019,Catharine,Publia,Catharine.Publia@essca.eu,Bordeaux,PHP
2017,Ana,Autrey,Ana.Autrey@essca.eu,Angers,Shell
2018,Gwyneth,Woodberry,Gwyneth.Woodberry@essca.eu,Lyon,Python
2022,Ivett,Ries,Ivett.Ries@essca.eu,Lyon,PHP
2016,Annecorinne,Neva,Annecorinne.Neva@essca.eu,Budapest,PHP
2016,Lisette,Bonilla,Lisette.Bonilla@essca.eu,Budapest,C
2019,Aimil,Rudolph,Aimil.Rudolph@essca.eu,Angers,JavaScript
2020,Asia,Glovsky,Asia.Glovsky@essca.eu,Bordeaux,PHP
2022,Starla,Old,Starla.Old@essca.eu,Lyon,C
2017,Dennie,Sallyann,Dennie.Sallyann@essca.eu,Shanghai,PHP
2018,Lucy,Sabella,Lucy.Sabella@essca.eu,Angers,JavaScript
2016,Christian,Killigrew,Christian.Killigrew@essca.eu,Lyon,C
2021,Cindelyn,Anis,Cindelyn.Anis@essca.eu,Bordeaux,JavaScript
2021,Kellen,Maryanne,Kellen.Maryanne@essca.eu,Angers,Python
2016,Linet,Dudley,Linet.Dudley@essca.eu,Aix-en-Provence,C
2021,Janeczka,Eugenia,Janeczka.Eugenia@essca.eu,Aix-en-Provence,C++
2019,Laurene,Lauraine,Laurene.Lauraine@essca.eu,Angers,Shell
2016,Paola,Parette,Paola.Parette@essca.eu,Angers,Shell
2021,Rebeca,Gombach,Rebeca.Gombach@essca.eu,Lyon,Java
2020,Lynde,Kunin,Lynde.Kunin@essca.eu,Shanghai,Python
2020,Joceline,McLaughlin,Joceline.McLaughlin@essca.eu,Lyon,Shell
2021,Lenna,Forrer,Lenna.Forrer@essca.eu,Budapest,JavaScript
2016,Charmaine,Ramona,Charmaine.Ramona@essca.eu,Budapest,PHP
2016,Tersina,Irmine,Tersina.Irmine@essca.eu,Angers,Java
2021,Jemie,Kat,Jemie.Kat@essca.eu,Angers,Shell
2020,Beatriz,Harl,Beatriz.Harl@essca.eu,Lyon,JavaScript
2022,Sadie,Margret,Sadie.Margret@essca.eu,Lyon,PHP
2021,Joeann,Schenck,Joeann.Schenck@essca.eu,Shanghai,C
2021,Edee,Wiener,Edee.Wiener@essca.eu,Shanghai,Java
2021,Ayn,Noam,Ayn.Noam@essca.eu,Budapest,Java
2017,Randa,Lunsford,Randa.Lunsford@essca.eu,Bordeaux,Python
2017,Fanchon,Carvey,Fanchon.Carvey@essca.eu,Lyon,C++
2021,Imojean,Ophelia,Imojean.Ophelia@essca.eu,Shanghai,JavaScript
2017,Blake,Crudden,Blake.Crudden@essca.eu,Angers,Shell
2017,Shel,Cordi,Shel.Cordi@essca.eu,Aix-en-Provence,Java
2017,Steffane,Atcliffe,Steffane.Atcliffe@essca.eu,Angers,Java
2021,Wanda,Dulciana,Wanda.Dulciana@essca.eu,Angers,Python
2018,Roslyn,Muriel,Roslyn.Muriel@essca.eu,Budapest,PHP
2017,Devina,Gavrila,Devina.Gavrila@essca.eu,Budapest,PHP
2017,Sybille,Baylor,Sybille.Baylor@essca.eu,Bordeaux,C
2022,Tobe,Ludewig,Tobe.Ludewig@essca.eu,Aix-en-Provence,PHP
2017,Donetta,Kiyoshi,Donetta.Kiyoshi@essca.eu,Angers,JavaScript
2022,Cathie,Georas,Cathie.Georas@essca.eu,Lyon,JavaScript
2018,Flory,Shaver,Flory.Shaver@essca.eu,Aix-en-Provence,Python
2019,Rubie,Schalles,Rubie.Schalles@essca.eu,Budapest,Python
2022,Caryl,Primalia,Caryl.Primalia@essca.eu,Aix-en-Provence,C++
2017,Randa,Durware,Randa.Durware@essca.eu,Lyon,Python
2018,Lisette,Tamsky,Lisette.Tamsky@essca.eu,Aix-en-Provence,JavaScript
2016,Norine,Artie,Norine.Artie@essca.eu,Angers,Python
2017,Orsola,Moina,Orsola.Moina@essca.eu,Budapest,PHP
2020,Althea,Aurelio,Althea.Aurelio@essca.eu,Shanghai,JavaScript
2021,Gwyneth,Andrel,Gwyneth.Andrel@essca.eu,Budapest,C++
2016,Hyacinthe,Melan,Hyacinthe.Melan@essca.eu,Budapest,C
2016,Sharlene,Chandler,Sharlene.Chandler@essca.eu,Bordeaux,Python
2022,Calla,Neils,Calla.Neils@essca.eu,Angers,PHP
2019,Elvira,Cavan,Elvira.Cavan@essca.eu,Shanghai,JavaScript
2020,Kirbee,Colbert,Kirbee.Colbert@essca.eu,Lyon,JavaScript
2022,Halette,Corilla,Halette.Corilla@essca.eu,Bordeaux,Shell
2018,Fidelia,Hewitt,Fidelia.Hewitt@essca.eu,Angers,Python
2017,Morganica,Desai,Morganica.Desai@essca.eu,Shanghai,Python
2021,Giustina,Quinn,Giustina.Quinn@essca.eu,Angers,JavaScript
2018,Tabbatha,Ledah,Tabbatha.Ledah@essca.eu,Shanghai,C
2017,Tonia,Papageno,Tonia.Papageno@essca.eu,Angers,PHP
2022,Keelia,Saint,Keelia.Saint@essca.eu,Shanghai,Python
2016,Juliane,Emanuel,Juliane.Emanuel@essca.eu,Bordeaux,JavaScript
2020,Morganica,Marisa,Morganica.Marisa@essca.eu,Angers,Java
2017,Barbara,Malvino,Barbara.Malvino@essca.eu,Budapest,Shell
2020,Tatiania,Zeeba,Tatiania.Zeeba@essca.eu,Shanghai,Java
2017,Maisey,Pettiford,Maisey.Pettiford@essca.eu,Lyon,PHP
2017,Tori,Muriel,Tori.Muriel@essca.eu,Angers,Python
2022,Corina,Drus,Corina.Drus@essca.eu,Budapest,C++
2020,Lily,Rubie,Lily.Rubie@essca.eu,Lyon,Python
2016,Correy,Lipson,Correy.Lipson@essca.eu,Budapest,Java
2018,Yvonne,Elephus,Yvonne.Elephus@essca.eu,Lyon,Python
2022,Selma,Katrine,Selma.Katrine@essca.eu,Angers,JavaScript
2018,Cherilyn,Xerxes,Cherilyn.Xerxes@essca.eu,Lyon,Shell
2017,Brena,Harned,Brena.Harned@essca.eu,Budapest,JavaScript
2019,Drucie,Maxi,Drucie.Maxi@essca.eu,Aix-en-Provence,C
2022,Sybille,Hewitt,Sybille.Hewitt@essca.eu,Aix-en-Provence,C
2017,Ernesta,Jethro,Ernesta.Jethro@essca.eu,Lyon,C++
2016,Leontine,Warthman,Leontine.Warthman@essca.eu,Lyon,C
2018,Cyb,Kylander,Cyb.Kylander@essca.eu,Shanghai,Python
2017,Ilse,Federica,Ilse.Federica@essca.eu,Bordeaux,Java
2019,Ivett,Anestassia,Ivett.Anestassia@essca.eu,Angers,C++
2020,Marylou,Nikaniki,Marylou.Nikaniki@essca.eu,Lyon,Shell
2022,Cyndie,Azeria,Cyndie.Azeria@essca.eu,Aix-en-Provence,Shell
2022,Tybie,Ivens,Tybie.Ivens@essca.eu,Angers,Shell
2017,Imojean,Dahlia,Imojean.Dahlia@essca.eu,Lyon,C++
2021,Lynnea,Noman,Lynnea.Noman@essca.eu,Shanghai,Shell
2020,Janis,Maryanne,Janis.Maryanne@essca.eu,Bordeaux,Java
2020,Atlanta,Faro,Atlanta.Faro@essca.eu,Aix-en-Provence,Java
2016,Theodora,Klotz,Theodora.Klotz@essca.eu,Bordeaux,Java
2020,Helena,Hylan,Helena.Hylan@essca.eu,Budapest,Java
2017,Sissy,Carolin,Sissy.Carolin@essca.eu,Lyon,JavaScript
2017,Melina,Hertzfeld,Melina.Hertzfeld@essca.eu,Bordeaux,C++
2018,Caryl,Cynar,Caryl.Cynar@essca.eu,Angers,Shell
2018,Carolina,Desai,Carolina.Desai@essca.eu,Aix-en-Provence,C++
2021,Almeta,Seligman,Almeta.Seligman@essca.eu,Lyon,C++
2017,Binny,Guthrie,Binny.Guthrie@essca.eu,Shanghai,Python
2016,Myriam,Diann,Myriam.Diann@essca.eu,Lyon,Python
2019,Beatriz,Ummersen,Beatriz.Ummersen@essca.eu,Aix-en-Provence,PHP
2016,Evaleen,Lorenz,Evaleen.Lorenz@essca.eu,Lyon,JavaScript
2019,Hermione,Bivins,Hermione.Bivins@essca.eu,Aix-en-Provence,C
2020,Michaelina,Sawtelle,Michaelina.Sawtelle@essca.eu,Aix-en-Provence,PHP
2016,Kimmy,Dowski,Kimmy.Dowski@essca.eu,Angers,C
2016,Brynna,Daveta,Brynna.Daveta@essca.eu,Budapest,C
2021,Tersina,Carri,Tersina.Carri@essca.eu,Angers,Shell
2020,Luci,Lail,Luci.Lail@essca.eu,Shanghai,Python
2020,Joane,Margarete,Joane.Margarete@essca.eu,Budapest,Shell
2017,Lorne,Dituri,Lorne.Dituri@essca.eu,Budapest,Python
2016,Marita,Therine,Marita.Therine@essca.eu,Aix-en-Provence,C++
2017,Max,Lasley,Max.Lasley@essca.eu,Lyon,Shell
2022,Josephine,Merat,Josephine.Merat@essca.eu,Lyon,Python
2019,Anestassia,Thunell,Anestassia.Thunell@essca.eu,Budapest,PHP
2016,Malina,Amadas,Malina.Amadas@essca.eu,Angers,Java
2020,Nannie,Jagir,Nannie.Jagir@essca.eu,Angers,PHP
2022,Roz,Goode,Roz.Goode@essca.eu,Angers,Shell
2021,Ninnetta,Lail,Ninnetta.Lail@essca.eu,Aix-en-Provence,C++
2020,Augustine,Paine,Augustine.Paine@essca.eu,Budapest,PHP
2022,Bobbi,Jacinda,Bobbi.Jacinda@essca.eu,Angers,C++
2021,Nita,Dielu,Nita.Dielu@essca.eu,Budapest,JavaScript
2018,Siana,Halsey,Siana.Halsey@essca.eu,Budapest,PHP
2022,Darci,Kaja,Darci.Kaja@essca.eu,Shanghai,Python
2016,Daphne,Calhoun,Daphne.Calhoun@essca.eu,Budapest,JavaScript
2018,Gaylene,Tayib,Gaylene.Tayib@essca.eu,Budapest,C++
2017,Rivalee,Ethban,Rivalee.Ethban@essca.eu,Angers,Shell
2018,Robinia,O'Carroll,Robinia.O'Carroll@essca.eu,Shanghai,C++
2022,Dode,Wildermuth,Dode.Wildermuth@essca.eu,Budapest,C
2018,Marika,Cloris,Marika.Cloris@essca.eu,Angers,PHP
2020,Tracey,Dituri,Tracey.Dituri@essca.eu,Budapest,C++
2021,Nerta,Emmaline,Nerta.Emmaline@essca.eu,Shanghai,Shell
2016,Christian,Skell,Christian.Skell@essca.eu,Lyon,JavaScript
2022,Selma,Vernier,Selma.Vernier@essca.eu,Lyon,JavaScript
2017,Alie,Rosette,Alie.Rosette@essca.eu,Aix-en-Provence,JavaScript
2020,Linzy,Gower,Linzy.Gower@essca.eu,Shanghai,PHP
2017,Kristina,Flita,Kristina.Flita@essca.eu,Shanghai,Shell
2022,Millie,Lanita,Millie.Lanita@essca.eu,Aix-en-Provence,Python
2019,Caressa,Gower,Caressa.Gower@essca.eu,Budapest,C
2016,Florie,Bord,Florie.Bord@essca.eu,Lyon,JavaScript
2020,Jordan,Plato,Jordan.Plato@essca.eu,Shanghai,C++
2020,Bill,Cleavland,Bill.Cleavland@essca.eu,Bordeaux,C
2022,Angela,Read,Angela.Read@essca.eu,Lyon,JavaScript
2017,Zondra,Raseda,Zondra.Raseda@essca.eu,Bordeaux,PHP
2020,Frances,Monk,Frances.Monk@essca.eu,Bordeaux,Shell
2019,Janenna,Cristi,Janenna.Cristi@essca.eu,Angers,Java
2016,Viki,Ailyn,Viki.Ailyn@essca.eu,Bordeaux,Java
2018,Frances,Allina,Frances.Allina@essca.eu,Budapest,Java
2021,Dale,Morgun,Dale.Morgun@essca.eu,Budapest,C
2018,Karolina,Elo,Karolina.Elo@essca.eu,Lyon,JavaScript
2017,Tomasina,Tristram,Tomasina.Tristram@essca.eu,Lyon,Shell
2019,Xylina,Edison,Xylina.Edison@essca.eu,Shanghai,Python
2020,Annecorinne,Gualtiero,Annecorinne.Gualtiero@essca.eu,Lyon,C++
2016,Rhea,Dudley,Rhea.Dudley@essca.eu,Budapest,Shell
2020,Alameda,Pillsbury,Alameda.Pillsbury@essca.eu,Budapest,Shell
2017,Raf,Si,Raf.Si@essca.eu,Lyon,Java
2018,Kimberley,Bethany,Kimberley.Bethany@essca.eu,Aix-en-Provence,JavaScript
2017,Rosabelle,Allys,Rosabelle.Allys@essca.eu,Shanghai,Shell
2019,Linzy,Francene,Linzy.Francene@essca.eu,Angers,Python
2022,Debee,Eno,Debee.Eno@essca.eu,Budapest,C++
2017,Corly,Vastah,Corly.Vastah@essca.eu,Budapest,C++
2016,Ariela,Greyson,Ariela.Greyson@essca.eu,Budapest,Shell
2021,Lucille,Kussell,Lucille.Kussell@essca.eu,Budapest,Python
2016,Coral,Khorma,Coral.Khorma@essca.eu,Bordeaux,Python
2022,Maridel,Zitvaa,Maridel.Zitvaa@essca.eu,Lyon,JavaScript
2020,June,Barney,June.Barney@essca.eu,Aix-en-Provence,Java
2018,Jeanna,Radu,Jeanna.Radu@essca.eu,Bordeaux,PHP
2016,Clo,Fleeta,Clo.Fleeta@essca.eu,Budapest,JavaScript
2020,Ebonee,Estella,Ebonee.Estella@essca.eu,Budapest,JavaScript
2016,Darlleen,Calhoun,Darlleen.Calhoun@essca.eu,Angers,JavaScript
2016,Oralee,Posner,Oralee.Posner@essca.eu,Aix-en-Provence,PHP
2021,Joane,Vins,Joane.Vins@essca.eu,Shanghai,C++
2022,Kate,Korey,Kate.Korey@essca.eu,Bordeaux,Shell
2020,Elmira,Infield,Elmira.Infield@essca.eu,Lyon,JavaScript
2022,Marguerite,Ader,Marguerite.Ader@essca.eu,Bordeaux,Java
2017,Sissy,Ashok,Sissy.Ashok@essca.eu,Shanghai,Python
2016,Trixi,Chem,Trixi.Chem@essca.eu,Shanghai,Java
2020,Peri,Jethro,Peri.Jethro@essca.eu,Aix-en-Provence,Python
2018,Laure,Oneida,Laure.Oneida@essca.eu,Angers,Shell
2021,Angela,Sandye,Angela.Sandye@essca.eu,Budapest,Java
2022,Donetta,Ulphia,Donetta.Ulphia@essca.eu,Lyon,C
2016,Genevra,Bouchard,Genevra.Bouchard@essca.eu,Lyon,C++
2019,Rosanne,Astra,Rosanne.Astra@essca.eu,Shanghai,Python
2020,Alleen,Elbertina,Alleen.Elbertina@essca.eu,Lyon,PHP
2021,Bettine,Keily,Bettine.Keily@essca.eu,Budapest,Java
2019,Chandra,Giff,Chandra.Giff@essca.eu,Aix-en-Provence,C++
2016,Adore,Etom,Adore.Etom@essca.eu,Budapest,Java
2018,Raquela,Johnsson,Raquela.Johnsson@essca.eu,Angers,JavaScript
2020,Darlleen,Anestassia,Darlleen.Anestassia@essca.eu,Lyon,JavaScript
2018,Zia,Helve,Zia.Helve@essca.eu,Aix-en-Provence,C++
2022,Frieda,Corrine,Frieda.Corrine@essca.eu,Bordeaux,C
2018,Nicoli,Kalinda,Nicoli.Kalinda@essca.eu,Aix-en-Provence,PHP
2017,Delilah,Ashely,Delilah.Ashely@essca.eu,Budapest,Python
2017,Elsie,Bebe,Elsie.Bebe@essca.eu,Angers,Python
2018,Brana,Rillings,Brana.Rillings@essca.eu,Budapest,Java
2018,Keelia,Tiffa,Keelia.Tiffa@essca.eu,Lyon,PHP
2021,Sherrie,Japeth,Sherrie.Japeth@essca.eu,Budapest,Java
2016,Averyl,Hortensia,Averyl.Hortensia@essca.eu,Lyon,Shell
2020,Hallie,Wareing,Hallie.Wareing@essca.eu,Angers,JavaScript
2019,Libbie,Colbert,Libbie.Colbert@essca.eu,Angers,PHP
2019,Gusty,Schroth,Gusty.Schroth@essca.eu,Shanghai,PHP
2018,Katleen,Bow,Katleen.Bow@essca.eu,Bordeaux,Java
2022,Dianemarie,Nester,Dianemarie.Nester@essca.eu,Budapest,Shell
2016,Shell,Angelis,Shell.Angelis@essca.eu,Budapest,Shell
2021,Asia,Nicoline,Asia.Nicoline@essca.eu,Budapest,C
2020,Tobe,Caitlin,Tobe.Caitlin@essca.eu,Angers,Shell
2017,Fredericka,Ahab,Fredericka.Ahab@essca.eu,Angers,C
2017,Jillayne,Christine,Jillayne.Christine@essca.eu,Aix-en-Provence,PHP
2022,Shaylyn,Loeb,Shaylyn.Loeb@essca.eu,Shanghai,C
2017,Kaja,Jerald,Kaja.Jerald@essca.eu,Budapest,C++
2021,Jillayne,Stilwell,Jillayne.Stilwell@essca.eu,Aix-en-Provence,Java
2018,Vonny,Whiffen,Vonny.Whiffen@essca.eu,Shanghai,Python
2020,June,Dannye,June.Dannye@essca.eu,Aix-en-Provence,Shell
2018,Emelina,Oscar,Emelina.Oscar@essca.eu,Aix-en-Provence,Shell
2020,Vonny,Mintz,Vonny.Mintz@essca.eu,Shanghai,C++
2021,Zia,Rosalba,Zia.Rosalba@essca.eu,Angers,Java
2021,Ilse,Salchunas,Ilse.Salchunas@essca.eu,Angers,PHP
2017,Elbertina,Alarise,Elbertina.Alarise@essca.eu,Aix-en-Provence,PHP
2022,Dominga,Jenness,Dominga.Jenness@essca.eu,Shanghai,C++
2022,Lily,Nahum,Lily.Nahum@essca.eu,Budapest,JavaScript
2017,Heida,Harl,Heida.Harl@essca.eu,Angers,Python
2021,Olwen,Schwejda,Olwen.Schwejda@essca.eu,Budapest,C++
2020,Lolita,Phaidra,Lolita.Phaidra@essca.eu,Bordeaux,PHP
2019,Darlleen,Narton,Darlleen.Narton@essca.eu,Lyon,JavaScript
2021,Nonnah,Sigfrid,Nonnah.Sigfrid@essca.eu,Shanghai,C
2021,Tiffie,Dowski,Tiffie.Dowski@essca.eu,Bordeaux,C
2022,Siana,Berard,Siana.Berard@essca.eu,Aix-en-Provence,JavaScript
2020,Sheree,Cleavland,Sheree.Cleavland@essca.eu,Budapest,Shell
2020,Daune,Magnolia,Daune.Magnolia@essca.eu,Aix-en-Provence,JavaScript
2022,Lily,Dimitris,Lily.Dimitris@essca.eu,Angers,C++
2017,Augustine,Pascia,Augustine.Pascia@essca.eu,Angers,C++
2018,Sidoney,Anyah,Sidoney.Anyah@essca.eu,Lyon,Shell
2017,Janey,Lacombe,Janey.Lacombe@essca.eu,Lyon,PHP
2018,Tarra,Yusuk,Tarra.Yusuk@essca.eu,Angers,Shell
2020,Ayn,Yusuk,Ayn.Yusuk@essca.eu,Shanghai,JavaScript
2016,Shaylyn,Eiser,Shaylyn.Eiser@essca.eu,Shanghai,Python
2022,Julieta,Hubert,Julieta.Hubert@essca.eu,Aix-en-Provence,Python
2019,Isa,Deegan,Isa.Deegan@essca.eu,Angers,JavaScript
2019,Larine,Brady,Larine.Brady@essca.eu,Angers,Python
2019,Anallese,Wu,Anallese.Wu@essca.eu,Bordeaux,Python
2018,Olwen,Taam,Olwen.Taam@essca.eu,Lyon,C
2019,Ottilie,Kamaria,Ottilie.Kamaria@essca.eu,Lyon,C++
2020,Ardeen,Hewitt,Ardeen.Hewitt@essca.eu,Budapest,Python
2018,Janis,Katrine,Janis.Katrine@essca.eu,Budapest,C
2016,Kamilah,Tybald,Kamilah.Tybald@essca.eu,Aix-en-Provence,Java
2022,Berget,Taam,Berget.Taam@essca.eu,Shanghai,C
2021,Julieta,Stelle,Julieta.Stelle@essca.eu,Bordeaux,C++
2016,Demetris,Schlosser,Demetris.Schlosser@essca.eu,Angers,Java
2019,Margette,Gherardo,Margette.Gherardo@essca.eu,Budapest,C
2018,Halette,Rheingold,Halette.Rheingold@essca.eu,Angers,Python
2021,Barbara,Suk,Barbara.Suk@essca.eu,Bordeaux,PHP
2019,Patricia,Rodmann,Patricia.Rodmann@essca.eu,Lyon,Shell
2020,Ada,Naashom,Ada.Naashom@essca.eu,Lyon,JavaScript
2020,Frieda,Annice,Frieda.Annice@essca.eu,Angers,C++
2019,Lynea,Lalitta,Lynea.Lalitta@essca.eu,Aix-en-Provence,C++
2018,Brooks,Hubert,Brooks.Hubert@essca.eu,Shanghai,C++
2021,Maryellen,Ade,Maryellen.Ade@essca.eu,Aix-en-Provence,C++
2022,Louella,Marisa,Louella.Marisa@essca.eu,Bordeaux,Python
2021,Gaylene,Guildroy,Gaylene.Guildroy@essca.eu,Aix-en-Provence,Shell
2021,Celisse,Masao,Celisse.Masao@essca.eu,Angers,Java
2016,Flory,Brenn,Flory.Brenn@essca.eu,Angers,C++
2022,Gloria,Selway,Gloria.Selway@essca.eu,Lyon,JavaScript
2020,Sheree,McNully,Sheree.McNully@essca.eu,Shanghai,C++
2017,Vinita,Loleta,Vinita.Loleta@essca.eu,Angers,Python
2022,Rubie,Gwenore,Rubie.Gwenore@essca.eu,Shanghai,C
2017,Gertrud,Pacorro,Gertrud.Pacorro@essca.eu,Angers,C++
2020,Rubie,Berriman,Rubie.Berriman@essca.eu,Angers,Java
2017,Anica,Cullin,Anica.Cullin@essca.eu,Budapest,PHP
2017,Arlina,Bigner,Arlina.Bigner@essca.eu,Bordeaux,Shell
2020,Lila,Vharat,Lila.Vharat@essca.eu,Aix-en-Provence,C++
2021,Sam,Gino,Sam.Gino@essca.eu,Budapest,Java
2020,Stevana,Delp,Stevana.Delp@essca.eu,Budapest,C
2017,Morganica,Kristi,Morganica.Kristi@essca.eu,Angers,C
2019,Lanna,Stover,Lanna.Stover@essca.eu,Lyon,PHP
2020,Damaris,Anselmi,Damaris.Anselmi@essca.eu,Angers,C++
2016,Marti,Skell,Marti.Skell@essca.eu,Budapest,Java
2016,Paola,Arathorn,Paola.Arathorn@essca.eu,Budapest,JavaScript
2022,Collen,Rheingold,Collen.Rheingold@essca.eu,Budapest,C
2018,Lyssa,Ackerley,Lyssa.Ackerley@essca.eu,Bordeaux,C
2020,Codie,Yusuk,Codie.Yusuk@essca.eu,Aix-en-Provence,Python
2016,Aeriela,Lowry,Aeriela.Lowry@essca.eu,Budapest,C++
2021,Natka,Cleavland,Natka.Cleavland@essca.eu,Lyon,Java
2022,Winifred,Bronk,Winifred.Bronk@essca.eu,Budapest,Java
2019,Annabela,Odell,Annabela.Odell@essca.eu,Bordeaux,Python
2016,Heida,Deegan,Heida.Deegan@essca.eu,Budapest,C++
2017,Bettine,Seagraves,Bettine.Seagraves@essca.eu,Bordeaux,Python
2022,Aili,Rhu,Aili.Rhu@essca.eu,Aix-en-Provence,C
2020,Jolyn,Gombach,Jolyn.Gombach@essca.eu,Bordeaux,C++
2021,Kayla,Trey,Kayla.Trey@essca.eu,Shanghai,Java
2016,Claudina,Rustice,Claudina.Rustice@essca.eu,Lyon,C++
2017,Hayley,Shuler,Hayley.Shuler@essca.eu,Budapest,Python
2019,Nananne,Haldas,Nananne.Haldas@essca.eu,Angers,PHP
2022,Beatriz,Jenness,Beatriz.Jenness@essca.eu,Angers,Python
2016,Genovera,Lacombe,Genovera.Lacombe@essca.eu,Shanghai,Shell
2017,Nonnah,Cressida,Nonnah.Cressida@essca.eu,Shanghai,C
2021,Nanete,Stover,Nanete.Stover@essca.eu,Aix-en-Provence,Python
2019,Kary,Pernick,Kary.Pernick@essca.eu,Aix-en-Provence,JavaScript
2021,Zsa Zsa,Raul,Zsa Zsa.Raul@essca.eu,Bordeaux,PHP
2016,Vere,Georgy,Vere.Georgy@essca.eu,Shanghai,C++
2022,Maryellen,Fancie,Maryellen.Fancie@essca.eu,Angers,Shell
2021,Demetris,Vilma,Demetris.Vilma@essca.eu,Aix-en-Provence,PHP
2020,Mahalia,Milson,Mahalia.Milson@essca.eu,Budapest,C++
2016,Kristan,Engdahl,Kristan.Engdahl@essca.eu,Lyon,Shell
2020,Molli,Fleeta,Molli.Fleeta@essca.eu,Lyon,Java
2020,Joelly,Blake,Joelly.Blake@essca.eu,Angers,C++
2019,Gianina,Gilbertson,Gianina.Gilbertson@essca.eu,Bordeaux,PHP
2018,Donetta,Jena,Donetta.Jena@essca.eu,Budapest,C
2017,Karlee,Bryna,Karlee.Bryna@essca.eu,Budapest,C++
2016,Sheree,Bibi,Sheree.Bibi@essca.eu,Shanghai,Shell
2017,Anthia,Faso,Anthia.Faso@essca.eu,Bordeaux,PHP
2021,Cherrita,Dituri,Cherrita.Dituri@essca.eu,Budapest,JavaScript
2019,Olwen,Chauncey,Olwen.Chauncey@essca.eu,Aix-en-Provence,PHP
2019,Carol-Jean,Solitta,Carol-Jean.Solitta@essca.eu,Bordeaux,Python
2019,Lexine,Douglass,Lexine.Douglass@essca.eu,Budapest,PHP
2017,Gilda,Lareena,Gilda.Lareena@essca.eu,Angers,PHP
2016,Ida,Ahab,Ida.Ahab@essca.eu,Budapest,C
2021,Kial,Raffo,Kial.Raffo@essca.eu,Lyon,JavaScript
2019,Berget,Boycey,Berget.Boycey@essca.eu,Angers,JavaScript
2022,Maridel,Marcellus,Maridel.Marcellus@essca.eu,Shanghai,C
2016,Di,Shields,Di.Shields@essca.eu,Budapest,JavaScript
2020,Celisse,Lalitta,Celisse.Lalitta@essca.eu,Shanghai,JavaScript
2019,Leanna,Justinn,Leanna.Justinn@essca.eu,Shanghai,JavaScript
2019,Chrystel,Paine,Chrystel.Paine@essca.eu,Shanghai,Shell
2017,Dione,Maryanne,Dione.Maryanne@essca.eu,Shanghai,Python
2020,Tonia,Calhoun,Tonia.Calhoun@essca.eu,Budapest,JavaScript
2016,Justinn,Pattin,Justinn.Pattin@essca.eu,Shanghai,C
2017,Dode,Jerold,Dode.Jerold@essca.eu,Shanghai,Python
2018,Eadie,Bluh,Eadie.Bluh@essca.eu,Lyon,PHP
2020,Tersina,Latini,Tersina.Latini@essca.eu,Budapest,Shell
2022,Leona,Milson,Leona.Milson@essca.eu,Lyon,Python
2018,Letizia,Tatianas,Letizia.Tatianas@essca.eu,Lyon,Python
2016,Elise,Riordan,Elise.Riordan@essca.eu,Shanghai,Shell
2020,Lindie,Anderea,Lindie.Anderea@essca.eu,Angers,Shell
2018,Olivette,Baptlsta,Olivette.Baptlsta@essca.eu,Budapest,Shell
2019,Mildrid,Kussell,Mildrid.Kussell@essca.eu,Aix-en-Provence,Shell
2020,Jenilee,Albertine,Jenilee.Albertine@essca.eu,Budapest,C
2019,Odessa,Roscoe,Odessa.Roscoe@essca.eu,Bordeaux,C
2021,Maridel,Evangelia,Maridel.Evangelia@essca.eu,Shanghai,Python
2020,Jenda,Ciro,Jenda.Ciro@essca.eu,Shanghai,Java
2019,Aili,Lorenz,Aili.Lorenz@essca.eu,Lyon,C
2019,Sallie,Gabrielli,Sallie.Gabrielli@essca.eu,Aix-en-Provence,Shell
2019,Lanna,Dyche,Lanna.Dyche@essca.eu,Bordeaux,C
2016,Maurene,Joli,Maurene.Joli@essca.eu,Aix-en-Provence,Java
2019,Aeriela,Flita,Aeriela.Flita@essca.eu,Aix-en-Provence,C
2017,Joleen,Bronk,Joleen.Bronk@essca.eu,Shanghai,PHP
2018,Korrie,Joli,Korrie.Joli@essca.eu,Lyon,C++
2016,Wendi,Cimbura,Wendi.Cimbura@essca.eu,Angers,Python
2020,Concettina,Soneson,Concettina.Soneson@essca.eu,Aix-en-Provence,C++
2020,Selma,Holtz,Selma.Holtz@essca.eu,Budapest,Shell
2020,Maisey,Swanhildas,Maisey.Swanhildas@essca.eu,Angers,JavaScript
2022,Ingrid,Kat,Ingrid.Kat@essca.eu,Budapest,Shell
2019,Alie,Hebner,Alie.Hebner@essca.eu,Lyon,Java
2016,Claudina,Heidt,Claudina.Heidt@essca.eu,Angers,Python
2019,Lynea,Bury,Lynea.Bury@essca.eu,Lyon,C
2017,Imojean,Amasa,Imojean.Amasa@essca.eu,Shanghai,Python
2016,Consuela,Saunderson,Consuela.Saunderson@essca.eu,Lyon,Shell
2020,Belva,Brunell,Belva.Brunell@essca.eu,Aix-en-Provence,PHP
2016,Tina,Gillan,Tina.Gillan@essca.eu,Aix-en-Provence,PHP
2020,Juliane,Minetta,Juliane.Minetta@essca.eu,Shanghai,C
2019,Stacey,Uird,Stacey.Uird@essca.eu,Bordeaux,C++
2019,Ayn,Tjon,Ayn.Tjon@essca.eu,Angers,C++
2019,Sidoney,Bearnard,Sidoney.Bearnard@essca.eu,Aix-en-Provence,C++
2020,Aurelie,Infield,Aurelie.Infield@essca.eu,Aix-en-Provence,Python
2017,Karlee,Pernick,Karlee.Pernick@essca.eu,Angers,C
2022,Melisent,Dominy,Melisent.Dominy@essca.eu,Bordeaux,JavaScript
2021,Mariann,Maisey,Mariann.Maisey@essca.eu,Bordeaux,PHP
2017,Maud,Shuler,Maud.Shuler@essca.eu,Bordeaux,C
2017,Vita,Payson,Vita.Payson@essca.eu,Angers,Java
2018,Evaleen,Brieta,Evaleen.Brieta@essca.eu,Lyon,Java
2019,Drucie,Shaddock,Drucie.Shaddock@essca.eu,Angers,Java
2017,Wendi,Rhu,Wendi.Rhu@essca.eu,Bordeaux,Python
2020,Kaja,Merell,Kaja.Merell@essca.eu,Lyon,C
2021,Trixi,Ricki,Trixi.Ricki@essca.eu,Budapest,Shell
2018,Tomasina,Pozzy,Tomasina.Pozzy@essca.eu,Shanghai,JavaScript
2018,Rochette,Sabella,Rochette.Sabella@essca.eu,Aix-en-Provence,C
2019,Cyndie,Suanne,Cyndie.Suanne@essca.eu,Lyon,Java
2018,Debee,Fadiman,Debee.Fadiman@essca.eu,Bordeaux,JavaScript
2020,Jaclyn,Dex,Jaclyn.Dex@essca.eu,Bordeaux,Shell
2018,Roxane,Croix,Roxane.Croix@essca.eu,Aix-en-Provence,Shell
2022,Marguerite,Rese,Marguerite.Rese@essca.eu,Aix-en-Provence,PHP
2016,Vonny,Dahlia,Vonny.Dahlia@essca.eu,Shanghai,Shell
2018,Jordan,Waite,Jordan.Waite@essca.eu,Budapest,C++
2020,Catrina,Earlie,Catrina.Earlie@essca.eu,Budapest,Shell
2020,Rayna,Simmonds,Rayna.Simmonds@essca.eu,Aix-en-Provence,Java
2016,Lizzie,Primalia,Lizzie.Primalia@essca.eu,Budapest,C
2016,Ashlee,Irmine,Ashlee.Irmine@essca.eu,Lyon,Shell
2019,Alyssa,Amasa,Alyssa.Amasa@essca.eu,Angers,JavaScript
2019,Linet,Cressida,Linet.Cressida@essca.eu,Aix-en-Provence,Java
2017,Odessa,Kinnard,Odessa.Kinnard@essca.eu,Bordeaux,C
2022,Jobi,Dimitris,Jobi.Dimitris@essca.eu,Aix-en-Provence,C
2022,Doro,Ricarda,Doro.Ricarda@essca.eu,Lyon,PHP
2020,Ezmeralda,Henrie,Ezmeralda.Henrie@essca.eu,Angers,C++
2020,Roz,Glovsky,Roz.Glovsky@essca.eu,Bordeaux,C
2016,Isa,Stover,Isa.Stover@essca.eu,Shanghai,JavaScript
2017,Ayn,Maiah,Ayn.Maiah@essca.eu,Angers,Shell
2017,Gratia,Fennessy,Gratia.Fennessy@essca.eu,Shanghai,Python
2019,Wileen,Weide,Wileen.Weide@essca.eu,Budapest,JavaScript
